[
{
  "model": "post.tag",
  "pk": 1,
  "fields": {
    "name": "test"
  }
},
{
  "model": "post.tag",
  "pk": 2,
  "fields": {
    "name": "fkdlsd"
  }
},
{
  "model": "post.tag",
  "pk": 3,
  "fields": {
    "name": "flksdf"
  }
},
{
  "model": "post.tag",
  "pk": 4,
  "fields": {
    "name": "imac"
  }
},
{
  "model": "post.tag",
  "pk": 5,
  "fields": {
    "name": "imacpro"
  }
},
{
  "model": "post.tag",
  "pk": 6,
  "fields": {
    "name": "apple"
  }
},
{
  "model": "post.tag",
  "pk": 7,
  "fields": {
    "name": "mine"
  }
},
{
  "model": "post.tag",
  "pk": 8,
  "fields": {
    "name": "\uc6b0\uc640"
  }
},
{
  "model": "post.tag",
  "pk": 9,
  "fields": {
    "name": "\uc544\uc544"
  }
},
{
  "model": "post.tag",
  "pk": 10,
  "fields": {
    "name": "\uc544\uc774\ub9e5"
  }
},
{
  "model": "post.tag",
  "pk": 11,
  "fields": {
    "name": "\uc544\uc774\ub9e5\ud504\ub85c"
  }
},
{
  "model": "post.tag",
  "pk": 12,
  "fields": {
    "name": "\ub0b4\uaebc"
  }
},
{
  "model": "post.video",
  "pk": 1,
  "fields": {
    "youtube_id": "7MbgmOLTLhk",
    "youtube_thumbnail": "youtube_thumbnail/7MbgmOLTLhk.jpg",
    "youtube_thumbnail_url": null,
    "youtube_title": "The Notorious Eagle Owl",
    "youtube_description": "A short film on the controversial status of the Eagle Owl in Britain. With thanks to Tony Warburton of the World Owl Trust and Tim Melling of the RSPB. Director ..."
  }
},
{
  "model": "post.video",
  "pk": 2,
  "fields": {
    "youtube_id": "34W0LbwYlms",
    "youtube_thumbnail": "youtube_thumbnail/34W0LbwYlms.jpg",
    "youtube_thumbnail_url": null,
    "youtube_title": "THE EAGLE OWL : THE LORD OF THE NIGHT",
    "youtube_description": "The Eagle Owl is the most powerful nocturnal bird of prey on the Iberian Peninsula. Its great scope and versatility allows it to hunt on innumerable species and ..."
  }
},
{
  "model": "post.video",
  "pk": 3,
  "fields": {
    "youtube_id": "LsCgaH04WtM",
    "youtube_thumbnail": "youtube_thumbnail/LsCgaH04WtM.jpg",
    "youtube_thumbnail_url": null,
    "youtube_title": "EAGLE OWL ( BUBO SP. ) 's PREYS: HARE, HEDGEHOG, RAT, MOLE",
    "youtube_description": ""
  }
},
{
  "model": "post.video",
  "pk": 4,
  "fields": {
    "youtube_id": "KL6Vhv4jwXg",
    "youtube_thumbnail": "youtube_thumbnail/KL6Vhv4jwXg.jpg",
    "youtube_thumbnail_url": null,
    "youtube_title": "Most Vicious Owl Attacks on Eagles",
    "youtube_description": ""
  }
},
{
  "model": "post.video",
  "pk": 5,
  "fields": {
    "youtube_id": "dLEmJvsrAao",
    "youtube_thumbnail": "youtube_thumbnail/dLEmJvsrAao.jpg",
    "youtube_thumbnail_url": null,
    "youtube_title": "Eagle Owl Found Hiding In Library! - Earth Unplugged",
    "youtube_description": "We wanted to give members of the public a wild encounter they wouldn't forget so we hid a magnificent Eurasian Eagle Owl in our local library! Subscribe to ..."
  }
},
{
  "model": "post.video",
  "pk": 6,
  "fields": {
    "youtube_id": "mn5a3XJhJd4",
    "youtube_thumbnail": "youtube_thumbnail/mn5a3XJhJd4.jpg",
    "youtube_thumbnail_url": null,
    "youtube_title": "Swimming with Whale Sharks",
    "youtube_description": "Whale sharks are the largest fish on the PLANET and feed on some of the smallest organisms in the oceans! They travel to Mexico every summer to feed on fish ..."
  }
},
{
  "model": "post.video",
  "pk": 7,
  "fields": {
    "youtube_id": "8IJFJDrY2CY",
    "youtube_thumbnail": "youtube_thumbnail/8IJFJDrY2CY.jpg",
    "youtube_thumbnail_url": null,
    "youtube_title": "GoPro Awards: Ocean Ramsey and a Whale Shark",
    "youtube_description": "Captured and submitted by GoPro Awards recipients Ocean Ramsey and Juan Oliphant. Join shark biologist and freediver Ocean Ramsey as she films with ..."
  }
},
{
  "model": "post.video",
  "pk": 8,
  "fields": {
    "youtube_id": "yqGYrlxWcdU",
    "youtube_thumbnail": "youtube_thumbnail/yqGYrlxWcdU.jpg",
    "youtube_thumbnail_url": null,
    "youtube_title": "Whale shark sucks fish out of hole in fishing net - Conservation International (CI)",
    "youtube_description": "On a recent expedition to Indonesia's Cendrawasih Bay, Conservation International's Mark Erdmann learned how whale sharks often congregate around bagan ..."
  }
},
{
  "model": "post.video",
  "pk": 9,
  "fields": {
    "youtube_id": "MKFTWcY9VaI",
    "youtube_thumbnail": "youtube_thumbnail/MKFTWcY9VaI.jpg",
    "youtube_thumbnail_url": null,
    "youtube_title": "[EN] #53 Let's raise Whale shark in my fishbowl! kids education, Animals animation\u3163CoCosToy",
    "youtube_description": "Subscribe CocosToy channel \u25b7\u25b7\u25b7 http://goo.gl/igiwyC Today sea animals are whale shark, tiger shark, blacktip reef shark, zebra shark, Giant oceanic manta ..."
  }
},
{
  "model": "post.video",
  "pk": 10,
  "fields": {
    "youtube_id": "PHqXRfhwTxc",
    "youtube_thumbnail": "youtube_thumbnail/PHqXRfhwTxc.jpg",
    "youtube_thumbnail_url": null,
    "youtube_title": "The Whale Shark Is a Small Fry Compared to Biggest Fish Ever",
    "youtube_description": "The whale shark is the largest fish on the planet today, and Jeremy Wade swims alongside one of these beautiful behemoths. But the giant whale shark pales in ..."
  }
},
{
  "model": "post.video",
  "pk": 11,
  "fields": {
    "youtube_id": "E9tpPWK7sag",
    "youtube_thumbnail": "youtube_thumbnail/E9tpPWK7sag.jpg",
    "youtube_thumbnail_url": null,
    "youtube_title": "Investigating the Mysterious Whale Sharks of Mafia Island | National Geographic",
    "youtube_description": "The whale sharks of Mafia Island are unusual because they don't migrate\u2014and researchers want to know why. \u27a1 Subscribe: http://bit.ly/NatGeoSubscribe About ..."
  }
},
{
  "model": "post.video",
  "pk": 12,
  "fields": {
    "youtube_id": "n9gx3ChYzhA",
    "youtube_thumbnail": "youtube_thumbnail/n9gx3ChYzhA.jpg",
    "youtube_thumbnail_url": null,
    "youtube_title": "Ocean Wanderers - Whale Shark Documentary",
    "youtube_description": "Towering underwater structures of the coast of Qatar are home to oilworkers above the waves. Beneath is a gathering place for giant fish, a wonder of the world's ..."
  }
},
{
  "model": "post.video",
  "pk": 13,
  "fields": {
    "youtube_id": "VOC0wB0_M6E",
    "youtube_thumbnail": "youtube_thumbnail/VOC0wB0_M6E.jpg",
    "youtube_thumbnail_url": null,
    "youtube_title": "Octonauts: Creature Report - Whale Shark",
    "youtube_description": "Want to join our next mission? Click here to Subscribe: http://goo.gl/DzwvWv Creature Report - Showing the amazing facts about a Whale Shark The Octonauts ..."
  }
},
{
  "model": "post.video",
  "pk": 14,
  "fields": {
    "youtube_id": "-qrO2MYMoW0",
    "youtube_thumbnail": "youtube_thumbnail/-qrO2MYMoW0.jpg",
    "youtube_thumbnail_url": null,
    "youtube_title": "Octonauts - s01e01 - The Whale Shark",
    "youtube_description": ""
  }
},
{
  "model": "post.video",
  "pk": 15,
  "fields": {
    "youtube_id": "dUMUSFLyZpU",
    "youtube_thumbnail": "youtube_thumbnail/dUMUSFLyZpU.jpg",
    "youtube_thumbnail_url": null,
    "youtube_title": "Whale Shark",
    "youtube_description": "The new, extended, HD version of this video is at http://www.youtube.com/watch?v=o6lpDsBYX6A Thailand's Richelieu Rock is a \"hot spot\" for whale shark ..."
  }
},
{
  "model": "post.video",
  "pk": 16,
  "fields": {
    "youtube_id": "zJ7hUvU-d2Q",
    "youtube_thumbnail": "youtube_thumbnail/zJ7hUvU-d2Q.jpg",
    "youtube_thumbnail_url": "https://i.ytimg.com/vi/zJ7hUvU-d2Q/hqdefault.jpg",
    "youtube_title": "6 HOUR Peaceful Aquarium - Ocean Voyager I Screensaver for Relaxation!",
    "youtube_description": "Ocean Voyager I. A 6 Hour- Peaceful relaxing Aquarium fish tank in HD. Calming ocean aquarium / fishtank with soothing instrumental music. Relaxation while ..."
  }
},
{
  "model": "post.video",
  "pk": 17,
  "fields": {
    "youtube_id": "qdUOH3GeqxY",
    "youtube_thumbnail": "youtube_thumbnail/qdUOH3GeqxY.jpg",
    "youtube_thumbnail_url": "https://i.ytimg.com/vi/qdUOH3GeqxY/hqdefault.jpg",
    "youtube_title": "3 HOURS of Beautiful Coral Reef Fish, Relaxing Ocean Fish, Aquarium Fish Tank & Relax Music 1080p HD",
    "youtube_description": "Beautiful Coral Reef Fish 3 Hours \u3002Aquarium Fish Tank \u3002Marine Aquarium Fishtank \u3002Relaxing 3 Hour Video of Ocean Fish 1080p HD \u2606\u25bb Follow on ..."
  }
},
{
  "model": "post.video",
  "pk": 18,
  "fields": {
    "youtube_id": "ehpwiqWt_mU",
    "youtube_thumbnail": "youtube_thumbnail/ehpwiqWt_mU.jpg",
    "youtube_thumbnail_url": "https://i.ytimg.com/vi/ehpwiqWt_mU/hqdefault.jpg",
    "youtube_title": "ORU AQUARIUM LOVE STORY Malayalam short film | Anu Mohan | Gayathri Suresh | RJ Mike | Adarsh Ajith",
    "youtube_description": "ORU AQUARIUM LOVE STORY portraits a travelogue towards love with a backdrop of underwater sequences. OALS stars Gayathri R Suresh | Anu Mohan in ..."
  }
},
{
  "model": "post.video",
  "pk": 19,
  "fields": {
    "youtube_id": "ue9Twt7PHm0",
    "youtube_thumbnail": "youtube_thumbnail/ue9Twt7PHm0.jpg",
    "youtube_thumbnail_url": "https://i.ytimg.com/vi/ue9Twt7PHm0/hqdefault.jpg",
    "youtube_title": "How to Play Keyboard/Piano Fast, Music Lesson 1",
    "youtube_description": "How to play keyboard or piano really fast. No complicated lessons needed. Just enjoy playing music instantly. I will teach you this secret in the video. Click the ..."
  }
},
{
  "model": "post.video",
  "pk": 20,
  "fields": {
    "youtube_id": "NNzcqxUtz7g",
    "youtube_thumbnail": "youtube_thumbnail/NNzcqxUtz7g.jpg",
    "youtube_thumbnail_url": "https://i.ytimg.com/vi/NNzcqxUtz7g/hqdefault.jpg",
    "youtube_title": "The Best Keyboard... Now Even Better?",
    "youtube_description": "iPhone 7 Event discussion video - https://youtu.be/K4cQcz4meJE Das Keyboard on Amazon (USA Link) - http://amzn.to/2c65Lts Das Keyboard on Amazon ..."
  }
},
{
  "model": "post.video",
  "pk": 21,
  "fields": {
    "youtube_id": "MCApLD_U05E",
    "youtube_thumbnail": "youtube_thumbnail/MCApLD_U05E.jpg",
    "youtube_thumbnail_url": "https://i.ytimg.com/vi/MCApLD_U05E/hqdefault.jpg",
    "youtube_title": "A Thousand Years - keyboard cover",
    "youtube_description": "https://www.facebook.com/DhenzCess."
  }
},
{
  "model": "post.video",
  "pk": 22,
  "fields": {
    "youtube_id": "xOM8F2IfMcA",
    "youtube_thumbnail": "youtube_thumbnail/xOM8F2IfMcA.jpg",
    "youtube_thumbnail_url": "https://i.ytimg.com/vi/xOM8F2IfMcA/hqdefault.jpg",
    "youtube_title": "\u2b50Tayo S4 #24\u2b50A present for Hana l Tayo the Little Bus l Season 4 Episode 24",
    "youtube_description": "The little buses realize that Hana continues to work without any breaks because of endless cars that need repair. As Hana decides to take a break for few days ..."
  }
},
{
  "model": "post.video",
  "pk": 23,
  "fields": {
    "youtube_id": "FBQM_FgPeJA",
    "youtube_thumbnail": "youtube_thumbnail/FBQM_FgPeJA.jpg",
    "youtube_thumbnail_url": "https://i.ytimg.com/vi/FBQM_FgPeJA/hqdefault.jpg",
    "youtube_title": "Gani is sick (30 mins) l Episode 25 l Tayo the Little Bus",
    "youtube_description": "A truck sneezes and covers Gani with exhaust fumes on Gani's way back to the garage. Gani becomes scared of shots when he sees the truck getting a painful ..."
  }
},
{
  "model": "post.video",
  "pk": 24,
  "fields": {
    "youtube_id": "vwV3Jg7TTa8",
    "youtube_thumbnail": "youtube_thumbnail/vwV3Jg7TTa8.jpg",
    "youtube_thumbnail_url": "https://i.ytimg.com/vi/vwV3Jg7TTa8/hqdefault.jpg",
    "youtube_title": "Tayo S4 #15 l Asura the little wizard l Tayo the Little Bus l Season 4 Episode 15",
    "youtube_description": "While the little buses are at the playground, a mysterious magic spell starts teasing them. A little wizard called Asura, who is causing the trouble for the little ..."
  }
},
{
  "model": "post.video",
  "pk": 25,
  "fields": {
    "youtube_id": "4Vl5bgi9BDI",
    "youtube_thumbnail": "youtube_thumbnail/4Vl5bgi9BDI.jpg",
    "youtube_thumbnail_url": "https://i.ytimg.com/vi/4Vl5bgi9BDI/hqdefault.jpg",
    "youtube_title": "[Tayo S2] All 26 Full Episodes of Season 2 (300 mins)",
    "youtube_description": "Another Tayo Marathon is here! Your favorite season 2 of 300 mins is here!!!! Do you need to relax this weekend? Well, enjoy Tayo's 300 mins ride and click ..."
  }
},
{
  "model": "post.video",
  "pk": 26,
  "fields": {
    "youtube_id": "KtU2fpQhbw0",
    "youtube_thumbnail": "youtube_thumbnail/KtU2fpQhbw0.jpg",
    "youtube_thumbnail_url": "https://i.ytimg.com/vi/KtU2fpQhbw0/hqdefault.jpg",
    "youtube_title": "WORLD'S BIGGEST MINECRAFT HOUSE.. (WORLD RECORD)",
    "youtube_description": "Check out http://5hourenergy.com to find out more about the sponsor of this video. WORLD'S BIGGEST MINECRAFT HOUSE.. w/ UnspeakableGaming New to ..."
  }
},
{
  "model": "post.video",
  "pk": 27,
  "fields": {
    "youtube_id": "n-KtvB_5eaE",
    "youtube_thumbnail": "youtube_thumbnail/n-KtvB_5eaE.jpg",
    "youtube_thumbnail_url": "https://i.ytimg.com/vi/n-KtvB_5eaE/hqdefault.jpg",
    "youtube_title": "I HAVE A SECRET MINECRAFT WORLD..",
    "youtube_description": "I HAVE A SECRET MINECRAFT WORLD.. (Minecraft Nintendo Switch) \u25bb Subscribe and join TeamTDM! :: http://bit.ly/TxtGm8 \u25bb DANTDM US TOUR TICKETS ..."
  }
},
{
  "model": "post.video",
  "pk": 28,
  "fields": {
    "youtube_id": "JdloXal99rc",
    "youtube_thumbnail": "youtube_thumbnail/JdloXal99rc.jpg",
    "youtube_thumbnail_url": "https://i.ytimg.com/vi/JdloXal99rc/hqdefault.jpg",
    "youtube_title": "NEW MINECRAFT SONG: Hacker 4 1 Hour  \"Hacker VS Psycho Girl\" Minecraft Songs and Minecraft Animation",
    "youtube_description": "MINECRAFT SONG: Hacker 4 1 Hour \"Hacker VS Psycho Girl\" Minecraft Songs & Minecraft Animation! Songs are kid friendly no swearing. \u266b SUBSCRIBE to MC ..."
  }
},
{
  "model": "post.video",
  "pk": 29,
  "fields": {
    "youtube_id": "NRSBKyz2Kvk",
    "youtube_thumbnail": "youtube_thumbnail/NRSBKyz2Kvk.jpg",
    "youtube_thumbnail_url": "https://i.ytimg.com/vi/NRSBKyz2Kvk/hqdefault.jpg",
    "youtube_title": "Pok\u00e9mon the Movie  Volcanion and the Mechanical Marvel 2016 sub Indonesia",
    "youtube_description": ""
  }
},
{
  "model": "post.video",
  "pk": 30,
  "fields": {
    "youtube_id": "61fl3hSZ7Mg",
    "youtube_thumbnail": "youtube_thumbnail/61fl3hSZ7Mg.jpg",
    "youtube_thumbnail_url": "https://i.ytimg.com/vi/61fl3hSZ7Mg/hqdefault.jpg",
    "youtube_title": "Pokemon Characters as Monsters 2017 | Top 25s |",
    "youtube_description": "Pokemon Characters as Monsters 2017 | Top 25s | \u25bb\u25bb Pokemon Characters As Zombies 2017 : https://youtu.be/aIJ5L1J2hU8 \u2708 Help Us to Get 100.000 ..."
  }
},
{
  "model": "post.video",
  "pk": 31,
  "fields": {
    "youtube_id": "cxi1F5r5jmY",
    "youtube_thumbnail": "youtube_thumbnail/cxi1F5r5jmY.jpg",
    "youtube_thumbnail_url": "https://i.ytimg.com/vi/cxi1F5r5jmY/hqdefault.jpg",
    "youtube_title": "Pok\u00e9mon volcanion y la mec\u00e1nica Magearna pel\u00edcula completa CASTELLANO",
    "youtube_description": ""
  }
},
{
  "model": "post.video",
  "pk": 32,
  "fields": {
    "youtube_id": "VFOmKueJSaM",
    "youtube_thumbnail": "youtube_thumbnail/VFOmKueJSaM.jpg",
    "youtube_thumbnail_url": "https://i.ytimg.com/vi/VFOmKueJSaM/hqdefault.jpg",
    "youtube_title": "Pokemon (pokok'e move on) pendhoza Ft Apsari Barbie LIRIK",
    "youtube_description": "Pokemon (pokok'e move on) pendhoza Ft Apsari Barbie LIRIK Pendhoza HIP HOP Yogyakarta."
  }
},
{
  "model": "post.video",
  "pk": 33,
  "fields": {
    "youtube_id": "YGdwt9jgk6E",
    "youtube_thumbnail": "youtube_thumbnail/YGdwt9jgk6E.jpg",
    "youtube_thumbnail_url": "https://i.ytimg.com/vi/YGdwt9jgk6E/hqdefault.jpg",
    "youtube_title": "Pokemon Best Wishes T\u1eadp 775 - thuy\u1ebft minh ti\u1ebfng vi\u1ec7t",
    "youtube_description": "\u0110\u0103ng k\u00ed k\u00eanh \u0111\u1ec3 xem t\u1eadp ti\u1ebfp theo s\u1edbm nh\u1ea5t nha c\u00e1c b\u1ea1n."
  }
},
{
  "model": "post.video",
  "pk": 34,
  "fields": {
    "youtube_id": "gENjTs8VskQ",
    "youtube_thumbnail": "youtube_thumbnail/gENjTs8VskQ.jpg",
    "youtube_thumbnail_url": "https://i.ytimg.com/vi/gENjTs8VskQ/hqdefault.jpg",
    "youtube_title": "Pokemon pikachu song, Nursery rhymes songs for kids, Song for babies",
    "youtube_description": "Police pikachu songs and nursery rhymes songs for Babies Non Stop ! Subcricre channel : https://goo.gl/uzA43x \u27b2 G+ : google.com/+MediaForKids \u27b2 Facebook ..."
  }
},
{
  "model": "post.video",
  "pk": 35,
  "fields": {
    "youtube_id": "57EXxx4Kxsk",
    "youtube_thumbnail": "youtube_thumbnail/57EXxx4Kxsk.jpg",
    "youtube_thumbnail_url": "https://i.ytimg.com/vi/57EXxx4Kxsk/hqdefault.jpg",
    "youtube_title": "Pokemon Pikachu Piggy Bank",
    "youtube_description": "Pokemon Pikachu piggy bank. It's very pretty, isn't it? Closed:Giveaway! winner:Jennifer Ford thank you for joining;) Prize:Pokemon Pikachu piggy bank This ..."
  }
},
{
  "model": "post.video",
  "pk": 36,
  "fields": {
    "youtube_id": "OTw4gtYTnWg",
    "youtube_thumbnail": "youtube_thumbnail/OTw4gtYTnWg.jpg",
    "youtube_thumbnail_url": "https://i.ytimg.com/vi/OTw4gtYTnWg/hqdefault.jpg",
    "youtube_title": "Mega Pikachu baby crying, Pikachu Pokemon Cartoon and Animation Rhymes Songs for Kids",
    "youtube_description": "Mega Pikachu Pokemon baby crying Cartoon and Animation For Kids Subcricre channel : https://goo.gl/uzA43x \u27b2 G+ : google.com/+MediaForKids \u27b2 Facebook ..."
  }
},
{
  "model": "post.video",
  "pk": 37,
  "fields": {
    "youtube_id": "wGamSKbunDg",
    "youtube_thumbnail": "youtube_thumbnail/wGamSKbunDg.jpg",
    "youtube_thumbnail_url": "https://i.ytimg.com/vi/wGamSKbunDg/hqdefault.jpg",
    "youtube_title": "POK\u00c9MON PIKACHU VS LA VIDA EN MINECRAFT | SI EL CICLO DE VIDA EXISTIESE EN MINECRAFT",
    "youtube_description": "El Pok\u00e9mon Pikachu de Minecraft se vuelve viejo, envejece con el tiempo en Minecraft! Nace como beb\u00e9 Pichu y va creciendo hasta envejecer como Raichu y ..."
  }
},
{
  "model": "post.video",
  "pk": 38,
  "fields": {
    "youtube_id": "Jtr0jWGBcu0",
    "youtube_thumbnail": "youtube_thumbnail/Jtr0jWGBcu0.jpg",
    "youtube_thumbnail_url": "https://i.ytimg.com/vi/Jtr0jWGBcu0/hqdefault.jpg",
    "youtube_title": "Pokemon Pikachu Secret Revealed!!",
    "youtube_description": "Pokemon Pikachu Secret Revealed!! Pokemon Solid Chocolate Eevee Giant Gummy Pikachu and Candle Charmander DIY. \u2764 Subscribe for upcoming videos ..."
  }
},
{
  "model": "post.video",
  "pk": 39,
  "fields": {
    "youtube_id": "Ih_Id9rT2VQ",
    "youtube_thumbnail": "youtube_thumbnail/Ih_Id9rT2VQ.jpg",
    "youtube_thumbnail_url": "https://i.ytimg.com/vi/Ih_Id9rT2VQ/hqdefault.jpg",
    "youtube_title": "The most beautiful eyes: Bengal Eagle Owl. Feeding & hunting training in Dublin Falconry.",
    "youtube_description": "Filmed in Dublin Falconry - http://dublinfalconry.com/"
  }
},
{
  "model": "post.video",
  "pk": 40,
  "fields": {
    "youtube_id": "LYvgJX8p6YU",
    "youtube_thumbnail": "youtube_thumbnail/LYvgJX8p6YU.jpg",
    "youtube_thumbnail_url": "https://i.ytimg.com/vi/LYvgJX8p6YU/hqdefault.jpg",
    "youtube_title": "Giant eagle owl playing",
    "youtube_description": "Giant eagle owl european eagle owl birds of prey."
  }
},
{
  "model": "post.video",
  "pk": 41,
  "fields": {
    "youtube_id": "hntVmN2aK8k",
    "youtube_thumbnail": "youtube_thumbnail/hntVmN2aK8k.jpg",
    "youtube_thumbnail_url": "https://i.ytimg.com/vi/hntVmN2aK8k/hqdefault.jpg",
    "youtube_title": "Apple CEO Tim Cook Makes Big Announcements At WWDC 2017 | TIME",
    "youtube_description": "Thousands of software developers, tech reporters and Apple fans are flocking to the San Jose Convention Center this week for WWDC, the iPhone maker's ..."
  }
},
{
  "model": "post.video",
  "pk": 42,
  "fields": {
    "youtube_id": "wXLa5tprhLc",
    "youtube_thumbnail": "youtube_thumbnail/wXLa5tprhLc.jpg",
    "youtube_thumbnail_url": "https://i.ytimg.com/vi/wXLa5tprhLc/hqdefault.jpg",
    "youtube_title": "Apple WWDC 2017 keynote in 19 minutes",
    "youtube_description": "Here's a supercut of Apple's entire two-hour WWDC 2017 keynote edited down to a snack-sized 19 minutes featuring iOS 11, iMacs, HomePod, and more."
  }
},
{
  "model": "post.video",
  "pk": 43,
  "fields": {
    "youtube_id": "HrGbt1SDI8k",
    "youtube_thumbnail": "youtube_thumbnail/HrGbt1SDI8k.jpg",
    "youtube_thumbnail_url": "https://i.ytimg.com/vi/HrGbt1SDI8k/hqdefault.jpg",
    "youtube_title": "TESTING OLD APPLE PRODUCTS",
    "youtube_description": "New Podcast Episode: iTunes: https://itunes.apple.com/us/podcast/shane-and-friends/id658136421?mt=2 SoundCloud: ..."
  }
},
{
  "model": "post.video",
  "pk": 44,
  "fields": {
    "youtube_id": "IdcEgJazOHc",
    "youtube_thumbnail": "youtube_thumbnail/IdcEgJazOHc.jpg",
    "youtube_thumbnail_url": "https://i.ytimg.com/vi/IdcEgJazOHc/hqdefault.jpg",
    "youtube_title": "How Apple Flies Changed the Way We Think of Evolution",
    "youtube_description": "How does one species evolve into two within the same habitat? Discover the details behind a rare type of evolution: sympatric evolution. Hosted by: Stefan Chin ..."
  }
},
{
  "model": "post.video",
  "pk": 45,
  "fields": {
    "youtube_id": "FPQ7oBWCTgs",
    "youtube_thumbnail": "youtube_thumbnail/FPQ7oBWCTgs.jpg",
    "youtube_thumbnail_url": "https://i.ytimg.com/vi/FPQ7oBWCTgs/hqdefault.jpg",
    "youtube_title": "Apple Song | Plus Lots More Nursery Rhymes | 59 Minutes Compilation from LittleBabyBum!",
    "youtube_description": "Download LBB videos https://bamazoo.com/littlebabybum Plush Toys: http://littlebabybum.com/shop/plush-toys/ \u00a9 El Bebe Productions Limited 00:04 Apple ..."
  }
},
{
  "model": "post.video",
  "pk": 46,
  "fields": {
    "youtube_id": "NsEkxLtKfkI",
    "youtube_thumbnail": "youtube_thumbnail/NsEkxLtKfkI.jpg",
    "youtube_thumbnail_url": "https://i.ytimg.com/vi/NsEkxLtKfkI/hqdefault.jpg",
    "youtube_title": "Midget Apple Plays - Happy Wheels: BENDY & THE INK MACHINE!",
    "youtube_description": "CHECK OUT MORE GAMING VIDS: http://bit.ly/2s0VGqZ \u25bb SUBSCRIBE for DAILY VIDEOS: http://bit.ly/AOGaming \u25bb AO Main Channel: http://bit.ly/AOSub ..."
  }
},
{
  "model": "post.video",
  "pk": 47,
  "fields": {
    "youtube_id": "OpgWbXthMlQ",
    "youtube_thumbnail": "youtube_thumbnail/OpgWbXthMlQ.jpg",
    "youtube_thumbnail_url": "https://i.ytimg.com/vi/OpgWbXthMlQ/hqdefault.jpg",
    "youtube_title": "Finding Nemo - Video Summary",
    "youtube_description": ""
  }
},
{
  "model": "post.video",
  "pk": 48,
  "fields": {
    "youtube_id": "XWuPGKLJXe8",
    "youtube_thumbnail": "youtube_thumbnail/XWuPGKLJXe8.jpg",
    "youtube_thumbnail_url": "https://i.ytimg.com/vi/XWuPGKLJXe8/hqdefault.jpg",
    "youtube_title": "Finding Nemo- Shark Scene- Bruce",
    "youtube_description": ""
  }
},
{
  "model": "post.video",
  "pk": 49,
  "fields": {
    "youtube_id": "ndq9-vmD058",
    "youtube_thumbnail": "youtube_thumbnail/ndq9-vmD058.jpg",
    "youtube_thumbnail_url": "https://i.ytimg.com/vi/ndq9-vmD058/hqdefault.jpg",
    "youtube_title": "Finding Nemo Darlas Scene",
    "youtube_description": "twinkle twinkle little star u didn't finish singing youre song how come you dint finish your lyrics I hat u Darla right now twinkle twinkle little star this is all over now."
  }
},
{
  "model": "post.video",
  "pk": 50,
  "fields": {
    "youtube_id": "5dsGWM5XGdg",
    "youtube_thumbnail": "youtube_thumbnail/5dsGWM5XGdg.jpg",
    "youtube_thumbnail_url": "https://i.ytimg.com/vi/5dsGWM5XGdg/hqdefault.jpg",
    "youtube_title": "Cats are so funny you will die laughing - Funny cat compilation",
    "youtube_description": "Cats are simply the funniest and most hilarious pets, they make us laugh all the time! Just look how all these cats & kittens play, fail, get along with dogs and ..."
  }
},
{
  "model": "post.video",
  "pk": 51,
  "fields": {
    "youtube_id": "hY7m5jjJ9mM",
    "youtube_thumbnail": "youtube_thumbnail/hY7m5jjJ9mM.jpg",
    "youtube_thumbnail_url": "https://i.ytimg.com/vi/hY7m5jjJ9mM/hqdefault.jpg",
    "youtube_title": "CATS will make you LAUGH YOUR HEAD OFF - Funny CAT compilation",
    "youtube_description": "Cats are amazing creatures because they make us laugh all the time! Watching funny cats is the hardest try not to laugh challenge! Just look how all these cats ..."
  }
},
{
  "model": "post.video",
  "pk": 52,
  "fields": {
    "youtube_id": "72NfSwCzFVE",
    "youtube_thumbnail": "youtube_thumbnail/72NfSwCzFVE.jpg",
    "youtube_thumbnail_url": "https://i.ytimg.com/vi/72NfSwCzFVE/hqdefault.jpg",
    "youtube_title": "Funny CATS - HOLD YOUR LAUGH IF YOU CAN (CHALLENGE)",
    "youtube_description": "Cats are simply the funniest and most hilarious animals! Can you hold your laugh while watching this super funny cat compilation? Just look how all these cats ..."
  }
},
{
  "model": "post.video",
  "pk": 53,
  "fields": {
    "youtube_id": "s8WQZFqfjLI",
    "youtube_thumbnail": "youtube_thumbnail/s8WQZFqfjLI.jpg",
    "youtube_thumbnail_url": "https://i.ytimg.com/vi/s8WQZFqfjLI/hqdefault.jpg",
    "youtube_title": "Super FUNNY CATS - TRY NOT TO LAUGH CHALLENGE - Best CAT VIDEOS compilation",
    "youtube_description": "Cats are simply the funniest and most hilarious pets, they make us laugh all the time! Just look how all these cats & kittens play, fail, get along with dogs and ..."
  }
},
{
  "model": "post.video",
  "pk": 54,
  "fields": {
    "youtube_id": "njSyHmcEdkw",
    "youtube_thumbnail": "youtube_thumbnail/njSyHmcEdkw.jpg",
    "youtube_thumbnail_url": "https://i.ytimg.com/vi/njSyHmcEdkw/hqdefault.jpg",
    "youtube_title": "Funny Cats Compilation 2016  - Best Funny Cat Videos Ever || Funny Vines",
    "youtube_description": "Funny cats compilation 2016 Best funny cat videos ever by Funny Vines. \u270c\u261eDONATE NOW (https://goo.gl/jj0ruw) & Help me Make More BEST VIDEOS for YOU ..."
  }
},
{
  "model": "post.video",
  "pk": 55,
  "fields": {
    "youtube_id": "tntOCGkgt98",
    "youtube_thumbnail": "youtube_thumbnail/tntOCGkgt98.jpg",
    "youtube_thumbnail_url": "https://i.ytimg.com/vi/tntOCGkgt98/hqdefault.jpg",
    "youtube_title": "Funny Cats Compilation [Most See] Funny Cat Videos Ever Part 1",
    "youtube_description": "Funny Cats Compilation - Funny Cat Videos - Funny Videos Check out the NEW Part 2 Compilation!: https://youtu.be/XHr2cvkA8rQ Funny Cats Compilation Try ..."
  }
},
{
  "model": "post.video",
  "pk": 56,
  "fields": {
    "youtube_id": "ZGl8vrceu1E",
    "youtube_thumbnail": "youtube_thumbnail/ZGl8vrceu1E.jpg",
    "youtube_thumbnail_url": "https://i.ytimg.com/vi/ZGl8vrceu1E/hqdefault.jpg",
    "youtube_title": "Funny CATS guaranteed to make you laugh - Funny cat compilation",
    "youtube_description": "Cats are the funniest animals on Earth, they make us laugh all the time! Just look how all these cats & kittens play, fail, get along with dogs, make funny sounds, ..."
  }
},
{
  "model": "post.video",
  "pk": 57,
  "fields": {
    "youtube_id": "1Wh8RzcQZr4",
    "youtube_thumbnail": "youtube_thumbnail/1Wh8RzcQZr4.jpg",
    "youtube_thumbnail_url": "https://i.ytimg.com/vi/1Wh8RzcQZr4/hqdefault.jpg",
    "youtube_title": "Hilarious Cat Fails (April 2017)",
    "youtube_description": "Enjoy these hilarious cat fails, some of them are just mean though!! Which feline is your favorite? Tell us in the comment section and don't forget to submit your ..."
  }
},
{
  "model": "post.video",
  "pk": 58,
  "fields": {
    "youtube_id": "kIBdpFJyFkc",
    "youtube_thumbnail": "youtube_thumbnail/kIBdpFJyFkc.jpg",
    "youtube_thumbnail_url": "https://i.ytimg.com/vi/kIBdpFJyFkc/hqdefault.jpg",
    "youtube_title": "Nightwish - Nemo [OFFICIAL VIDEO]",
    "youtube_description": "2008 WMG Purchase Once from iTunes - http://bit.ly/cFIDJD Nightwish - Nemo This is me for forever One of the lost ones The one without a name Without an ..."
  }
},
{
  "model": "post.video",
  "pk": 59,
  "fields": {
    "youtube_id": "ZzG7VsdKLGI",
    "youtube_thumbnail": "youtube_thumbnail/ZzG7VsdKLGI.jpg",
    "youtube_thumbnail_url": "https://i.ytimg.com/vi/ZzG7VsdKLGI/hqdefault.jpg",
    "youtube_title": "Finding Nemo as told by Emoji | Disney",
    "youtube_description": "A little forgetful like Dory? Catch up with emoji-fied versions of #Dory, #Nemo, Marlin, Crush, and more fishy friends as they retell the story of Disney/Pixar's ..."
  }
},
{
  "model": "post.video",
  "pk": 60,
  "fields": {
    "youtube_id": "wnKrWOpUwR0",
    "youtube_thumbnail": "youtube_thumbnail/wnKrWOpUwR0.jpg",
    "youtube_thumbnail_url": "https://i.ytimg.com/vi/wnKrWOpUwR0/hqdefault.jpg",
    "youtube_title": "The Best Shark Attacks In Movies | HuffPost Mashup",
    "youtube_description": "The craziest and most memorable shark attack movie scenes to date! \u00bb Subscribe to HuffPost today: http://goo.gl/xW6HG Following the release of shark thriller ..."
  }
},
{
  "model": "post.video",
  "pk": 61,
  "fields": {
    "youtube_id": "qfwDfJFexSA",
    "youtube_thumbnail": "youtube_thumbnail/qfwDfJFexSA.jpg",
    "youtube_thumbnail_url": "https://i.ytimg.com/vi/qfwDfJFexSA/hqdefault.jpg",
    "youtube_title": "HUNGRY SHRAK",
    "youtube_description": "Like. Subkerbe."
  }
},
{
  "model": "post.video",
  "pk": 62,
  "fields": {
    "youtube_id": "MiHp31jaw0M",
    "youtube_thumbnail": "youtube_thumbnail/MiHp31jaw0M.jpg",
    "youtube_thumbnail_url": "https://i.ytimg.com/vi/MiHp31jaw0M/hqdefault.jpg",
    "youtube_title": "Shrak scramble! @Ito 2013.7.11",
    "youtube_description": "\u3053\u306e\u52d5\u753b\u306f YouTube \u52d5\u753b\u30a8\u30c7\u30a3\u30bf\uff08http://www.youtube.com/editor\uff09\u3067\u4f5c\u6210\u3057\u307e\u3057\u305f."
  }
},
{
  "model": "post.video",
  "pk": 63,
  "fields": {
    "youtube_id": "eW9YHXfZhGI",
    "youtube_thumbnail": "youtube_thumbnail/eW9YHXfZhGI.jpg",
    "youtube_thumbnail_url": "https://i.ytimg.com/vi/eW9YHXfZhGI/hqdefault.jpg",
    "youtube_title": "AAA / \u300cNo Way Back\u300dMusic Video",
    "youtube_description": "2017.7.5\u767a\u58f2\u300cNo Way Back\u300d 9\u6708\u304b\u30894\u5927\u30c9\u30fc\u30e0\u30c4\u30a2\u30fc\uff08\u611b\u77e5\u30fb\u5927\u962a\u30fb\u6771\u4eac\u30fb\u798f\u5ca1\uff09\u304c\u6c7a\u5b9a\u3057\u3001 \u52e2\u3044\u304c\u6b62\u307e\u3089\u306a\u3044AAA\u306e\u30cb\u30e5\u30fc\u30b7\u30f3\u30b0\u30eb\u306f\u3001 \u590f\u3092\u76db\u308a\u4e0a\u3052..."
  }
},
{
  "model": "post.video",
  "pk": 64,
  "fields": {
    "youtube_id": "fnCjUsc7y2M",
    "youtube_thumbnail": "youtube_thumbnail/fnCjUsc7y2M.jpg",
    "youtube_thumbnail_url": "https://i.ytimg.com/vi/fnCjUsc7y2M/hqdefault.jpg",
    "youtube_title": "AAA - The AAA Girls feat. Alaska Thunderfuck, Willam and Courtney Act",
    "youtube_description": "AAA the brand new song from The AAA Girls debut album - Coming soon. Access All Areas feat Alaska Thunderfuck, Willam, and Courtney Act Buy it on iTunes: ..."
  }
},
{
  "model": "post.video",
  "pk": 65,
  "fields": {
    "youtube_id": "nmtsO9DLyuQ",
    "youtube_thumbnail": "youtube_thumbnail/nmtsO9DLyuQ.jpg",
    "youtube_thumbnail_url": "https://i.ytimg.com/vi/nmtsO9DLyuQ/hqdefault.jpg",
    "youtube_title": "AAA Tamil Movie Review - Anbaanavan, Asaaradhavan, Adaangathavan  - Simbu - Tamil Talkies",
    "youtube_description": "AAA (Anbaanavan, Asaaradhavan, Adaangathavan) directed by Aadik Ravichandran stars Simbu, Tamannaah and Shriya Saran in lead roles. Check out AAA ..."
  }
},
{
  "model": "post.video",
  "pk": 66,
  "fields": {
    "youtube_id": "vJVqUwc9J7g",
    "youtube_thumbnail": "youtube_thumbnail/vJVqUwc9J7g.jpg",
    "youtube_thumbnail_url": "https://i.ytimg.com/vi/vJVqUwc9J7g/hqdefault.jpg",
    "youtube_title": "BB Ki Vines- | The Culprit |",
    "youtube_description": "The Trilogy comes to an end. Titu Mama finally confronts the ghaplebaaz, Mr. Hola ! Part 1 (Titu Mama): https://www.youtube.com/watch?v=h25S27rh4oY Part 2 ..."
  }
},
{
  "model": "post.video",
  "pk": 67,
  "fields": {
    "youtube_id": "jzbMxWvnlGw",
    "youtube_thumbnail": "youtube_thumbnail/jzbMxWvnlGw.jpg",
    "youtube_thumbnail_url": "https://i.ytimg.com/vi/jzbMxWvnlGw/hqdefault.jpg",
    "youtube_title": "BB Ki Vines- | Ghaplebaaz Ko Pakdo |",
    "youtube_description": "Titu Mama, BB, Bancho and Sameer get together to catch the fraud. What happens next? Who can it be? Buy BB Ki Vines Official Merchandise here: ..."
  }
},
{
  "model": "member.user",
  "pk": 1,
  "fields": {
    "password": "pbkdf2_sha256$36000$dYMecQOTtqVP$8sivtrfFiJB5HZjNcQRbeE/SHl5wYIWvLQfIoHyCOXA=",
    "last_login": "2017-06-26T12:56:31.519Z",
    "is_superuser": true,
    "username": "admin",
    "first_name": "",
    "last_name": "",
    "email": "",
    "is_staff": true,
    "is_active": true,
    "date_joined": "2017-06-12T06:23:16.476Z",
    "user_type": "d",
    "nickname": "iMacPro",
    "img_profile": "member/IMG_0282.JPG",
    "groups": [],
    "user_permissions": []
  }
},
{
  "model": "member.user",
  "pk": 2,
  "fields": {
    "password": "",
    "last_login": null,
    "is_superuser": false,
    "username": "Joe",
    "first_name": "",
    "last_name": "",
    "email": "",
    "is_staff": false,
    "is_active": true,
    "date_joined": "2017-06-12T10:52:50.800Z",
    "user_type": "d",
    "nickname": null,
    "img_profile": "",
    "groups": [],
    "user_permissions": []
  }
},
{
  "model": "member.user",
  "pk": 3,
  "fields": {
    "password": "",
    "last_login": null,
    "is_superuser": false,
    "username": "Kay",
    "first_name": "",
    "last_name": "",
    "email": "",
    "is_staff": false,
    "is_active": true,
    "date_joined": "2017-06-12T10:53:06.995Z",
    "user_type": "d",
    "nickname": null,
    "img_profile": "",
    "groups": [],
    "user_permissions": []
  }
},
{
  "model": "member.user",
  "pk": 4,
  "fields": {
    "password": "pbkdf2_sha256$36000$eHdAMjEPyS06$/2gJCCrSUf2WjSxlUSDa/8uPKY1vZmNcsZjxdpTwT4w=",
    "last_login": "2017-06-15T03:10:34.442Z",
    "is_superuser": false,
    "username": "joe",
    "first_name": "",
    "last_name": "",
    "email": "",
    "is_staff": false,
    "is_active": true,
    "date_joined": "2017-06-15T02:56:15.263Z",
    "user_type": "d",
    "nickname": null,
    "img_profile": "",
    "groups": [],
    "user_permissions": []
  }
},
{
  "model": "member.user",
  "pk": 5,
  "fields": {
    "password": "pbkdf2_sha256$36000$vg8zl7fcOXbw$dsamcBayYRXiuKzIxapUoHvkGXfMmt4q9aezotFL6W8=",
    "last_login": "2017-06-15T08:14:04.040Z",
    "is_superuser": false,
    "username": "aaa",
    "first_name": "",
    "last_name": "",
    "email": "",
    "is_staff": false,
    "is_active": true,
    "date_joined": "2017-06-15T06:41:40.486Z",
    "user_type": "d",
    "nickname": null,
    "img_profile": "",
    "groups": [],
    "user_permissions": []
  }
},
{
  "model": "member.user",
  "pk": 6,
  "fields": {
    "password": "pbkdf2_sha256$36000$L5TF7Z8gkPRI$O1xZzmBYUJv1voc6/CEp0d8W2OwJFc6k9CsiPp4zuNA=",
    "last_login": "2017-06-23T02:30:58.262Z",
    "is_superuser": false,
    "username": "qqq",
    "first_name": "",
    "last_name": "",
    "email": "",
    "is_staff": false,
    "is_active": true,
    "date_joined": "2017-06-15T06:43:05.741Z",
    "user_type": "d",
    "nickname": null,
    "img_profile": "",
    "groups": [],
    "user_permissions": []
  }
},
{
  "model": "member.user",
  "pk": 7,
  "fields": {
    "password": "pbkdf2_sha256$36000$4XKeeEDx1YgM$1Peq2nBKcbu272o/HQw3uCQhQvcABWzWcYK9hEQR418=",
    "last_login": "2017-06-22T10:08:27.465Z",
    "is_superuser": false,
    "username": "ccc",
    "first_name": "",
    "last_name": "",
    "email": "",
    "is_staff": false,
    "is_active": true,
    "date_joined": "2017-06-15T06:57:16.992Z",
    "user_type": "d",
    "nickname": null,
    "img_profile": "",
    "groups": [],
    "user_permissions": []
  }
},
{
  "model": "member.user",
  "pk": 8,
  "fields": {
    "password": "pbkdf2_sha256$36000$HUnXFVui9UVU$4SbnT7e8nfniMPqsYlQyUq1SCmIyK9CHLkAYCUGuNzA=",
    "last_login": "2017-06-16T05:00:31.925Z",
    "is_superuser": false,
    "username": "asdf",
    "first_name": "",
    "last_name": "",
    "email": "",
    "is_staff": false,
    "is_active": true,
    "date_joined": "2017-06-16T05:00:31.878Z",
    "user_type": "d",
    "nickname": null,
    "img_profile": "",
    "groups": [],
    "user_permissions": []
  }
},
{
  "model": "member.user",
  "pk": 9,
  "fields": {
    "password": "pbkdf2_sha256$36000$QqA1n6q2HiQs$hU4XW0s9x8NKck2ZrXAoW/iAIUV2evioNIabWstaUro=",
    "last_login": "2017-06-22T15:00:00.100Z",
    "is_superuser": false,
    "username": "ssss",
    "first_name": "",
    "last_name": "",
    "email": "",
    "is_staff": false,
    "is_active": true,
    "date_joined": "2017-06-16T05:02:50.738Z",
    "user_type": "d",
    "nickname": null,
    "img_profile": "",
    "groups": [],
    "user_permissions": []
  }
},
{
  "model": "member.user",
  "pk": 10,
  "fields": {
    "password": "0000",
    "last_login": "2017-06-23T14:15:01.589Z",
    "is_superuser": false,
    "username": "ara17",
    "first_name": "",
    "last_name": "",
    "email": "",
    "is_staff": false,
    "is_active": true,
    "date_joined": "2017-06-23T14:15:01.583Z",
    "user_type": "d",
    "nickname": "esc",
    "img_profile": "member/IMG_1765.JPG",
    "groups": [],
    "user_permissions": []
  }
},
{
  "model": "member.user",
  "pk": 11,
  "fields": {
    "password": "apdlapdl",
    "last_login": "2017-06-24T07:00:04.703Z",
    "is_superuser": false,
    "username": "meimei",
    "first_name": "",
    "last_name": "",
    "email": "",
    "is_staff": false,
    "is_active": true,
    "date_joined": "2017-06-24T07:00:04.695Z",
    "user_type": "d",
    "nickname": "meimei",
    "img_profile": "",
    "groups": [],
    "user_permissions": []
  }
},
{
  "model": "member.user",
  "pk": 13,
  "fields": {
    "password": "",
    "last_login": "2017-06-26T07:26:02.221Z",
    "is_superuser": false,
    "username": "f_1114307655338100_10210115623629128",
    "first_name": "Joe",
    "last_name": "Cho",
    "email": "recordingbetter@gmail.com",
    "is_staff": false,
    "is_active": true,
    "date_joined": "2017-06-26T06:13:52.276Z",
    "user_type": "f",
    "nickname": "from_Facebook",
    "img_profile": "member/13.jpg",
    "groups": [],
    "user_permissions": []
  }
},
{
  "model": "member.relation",
  "pk": 1,
  "fields": {
    "from_user": 2,
    "to_user": 1,
    "blocked_user": null,
    "created_date": "2017-06-22T05:37:49.679Z"
  }
},
{
  "model": "member.relation",
  "pk": 14,
  "fields": {
    "from_user": 1,
    "to_user": 9,
    "blocked_user": null,
    "created_date": "2017-06-22T13:01:55.187Z"
  }
},
{
  "model": "member.relation",
  "pk": 19,
  "fields": {
    "from_user": 1,
    "to_user": null,
    "blocked_user": 6,
    "created_date": "2017-06-22T13:49:09.173Z"
  }
},
{
  "model": "member.relation",
  "pk": 20,
  "fields": {
    "from_user": 9,
    "to_user": 1,
    "blocked_user": null,
    "created_date": "2017-06-22T15:00:25.332Z"
  }
},
{
  "model": "member.relation",
  "pk": 26,
  "fields": {
    "from_user": 6,
    "to_user": 9,
    "blocked_user": null,
    "created_date": "2017-06-23T02:32:23.786Z"
  }
},
{
  "model": "member.relation",
  "pk": 27,
  "fields": {
    "from_user": 1,
    "to_user": 6,
    "blocked_user": null,
    "created_date": "2017-06-23T05:27:04.796Z"
  }
},
{
  "model": "member.relation",
  "pk": 28,
  "fields": {
    "from_user": 10,
    "to_user": 1,
    "blocked_user": null,
    "created_date": "2017-06-23T14:16:47.573Z"
  }
},
{
  "model": "member.relation",
  "pk": 29,
  "fields": {
    "from_user": 11,
    "to_user": 1,
    "blocked_user": null,
    "created_date": "2017-06-24T07:01:50.388Z"
  }
},
{
  "model": "post.comment",
  "pk": 1,
  "fields": {
    "post": 1,
    "content": "sdfsd",
    "html_content": "",
    "author": 2,
    "created_date": "2017-06-12T14:05:27.289Z",
    "modified_date": "2017-06-12T14:05:27.289Z",
    "tags": []
  }
},
{
  "model": "post.comment",
  "pk": 2,
  "fields": {
    "post": 1,
    "content": "sdffd",
    "html_content": "",
    "author": 2,
    "created_date": "2017-06-12T14:06:41.174Z",
    "modified_date": "2017-06-12T14:06:41.174Z",
    "tags": []
  }
},
{
  "model": "post.comment",
  "pk": 3,
  "fields": {
    "post": 1,
    "content": "test comment",
    "html_content": "",
    "author": 2,
    "created_date": "2017-06-12T14:09:24.184Z",
    "modified_date": "2017-06-12T14:09:24.184Z",
    "tags": []
  }
},
{
  "model": "post.comment",
  "pk": 4,
  "fields": {
    "post": 1,
    "content": "test3",
    "html_content": "",
    "author": 2,
    "created_date": "2017-06-12T14:12:12.364Z",
    "modified_date": "2017-06-12T14:12:12.364Z",
    "tags": []
  }
},
{
  "model": "post.comment",
  "pk": 5,
  "fields": {
    "post": 3,
    "content": "test comment",
    "html_content": "",
    "author": 2,
    "created_date": "2017-06-12T14:13:48.885Z",
    "modified_date": "2017-06-12T14:13:48.885Z",
    "tags": []
  }
},
{
  "model": "post.comment",
  "pk": 6,
  "fields": {
    "post": 3,
    "content": "ewrrwe",
    "html_content": "",
    "author": 2,
    "created_date": "2017-06-12T14:14:25.670Z",
    "modified_date": "2017-06-12T14:14:25.670Z",
    "tags": []
  }
},
{
  "model": "post.comment",
  "pk": 7,
  "fields": {
    "post": 9,
    "content": "34345",
    "html_content": "",
    "author": 1,
    "created_date": "2017-06-16T07:19:47.195Z",
    "modified_date": "2017-06-16T07:19:47.195Z",
    "tags": []
  }
},
{
  "model": "post.comment",
  "pk": 8,
  "fields": {
    "post": 10,
    "content": "\u3134\u3147\u3139\u3147\u3134\u3139\u3147\u3134\u3139",
    "html_content": "",
    "author": 1,
    "created_date": "2017-06-19T03:32:00.227Z",
    "modified_date": "2017-06-19T03:32:00.227Z",
    "tags": []
  }
},
{
  "model": "post.comment",
  "pk": 9,
  "fields": {
    "post": 11,
    "content": "\u3139\ud653\u3139\u3147\u3139",
    "html_content": "",
    "author": 1,
    "created_date": "2017-06-19T03:52:53.705Z",
    "modified_date": "2017-06-19T03:52:53.705Z",
    "tags": []
  }
},
{
  "model": "post.comment",
  "pk": 11,
  "fields": {
    "post": 13,
    "content": "\u3134\u3139\u3134\u3147\u3139\u3134\u3139",
    "html_content": "",
    "author": 1,
    "created_date": "2017-06-19T06:21:43.096Z",
    "modified_date": "2017-06-19T06:21:43.096Z",
    "tags": []
  }
},
{
  "model": "post.comment",
  "pk": 12,
  "fields": {
    "post": 14,
    "content": "\u3134\u3139\u3134\u3147\u3139\u3134\u3139",
    "html_content": "",
    "author": 1,
    "created_date": "2017-06-19T06:29:11.537Z",
    "modified_date": "2017-06-19T06:29:11.537Z",
    "tags": []
  }
},
{
  "model": "post.comment",
  "pk": 14,
  "fields": {
    "post": 16,
    "content": "56456645\u3139\u3147\u3139\u3134\u3147",
    "html_content": "",
    "author": 1,
    "created_date": "2017-06-19T06:58:37.897Z",
    "modified_date": "2017-06-19T07:07:44.053Z",
    "tags": []
  }
},
{
  "model": "post.comment",
  "pk": 16,
  "fields": {
    "post": 18,
    "content": "want",
    "html_content": "",
    "author": 9,
    "created_date": "2017-06-19T07:45:50.497Z",
    "modified_date": "2017-06-19T07:45:50.497Z",
    "tags": []
  }
},
{
  "model": "post.comment",
  "pk": 17,
  "fields": {
    "post": 19,
    "content": "tttt",
    "html_content": "",
    "author": 1,
    "created_date": "2017-06-19T09:19:54.484Z",
    "modified_date": "2017-06-19T09:19:54.484Z",
    "tags": []
  }
},
{
  "model": "post.comment",
  "pk": 18,
  "fields": {
    "post": 16,
    "content": "fghdhfghd",
    "html_content": "",
    "author": 2,
    "created_date": "2017-06-19T10:43:51.751Z",
    "modified_date": "2017-06-19T10:43:51.751Z",
    "tags": []
  }
},
{
  "model": "post.comment",
  "pk": 19,
  "fields": {
    "post": 19,
    "content": "test comment",
    "html_content": "",
    "author": 2,
    "created_date": "2017-06-19T10:45:08.774Z",
    "modified_date": "2017-06-19T10:45:08.775Z",
    "tags": []
  }
},
{
  "model": "post.comment",
  "pk": 21,
  "fields": {
    "post": 19,
    "content": "",
    "html_content": "",
    "author": 9,
    "created_date": "2017-06-19T10:56:30.077Z",
    "modified_date": "2017-06-19T10:56:30.077Z",
    "tags": []
  }
},
{
  "model": "post.comment",
  "pk": 22,
  "fields": {
    "post": 19,
    "content": "hhfghdgfh",
    "html_content": "",
    "author": 9,
    "created_date": "2017-06-19T11:01:01.095Z",
    "modified_date": "2017-06-19T11:01:01.095Z",
    "tags": []
  }
},
{
  "model": "post.comment",
  "pk": 23,
  "fields": {
    "post": 19,
    "content": "",
    "html_content": "",
    "author": 9,
    "created_date": "2017-06-19T11:01:18.301Z",
    "modified_date": "2017-06-19T11:01:18.301Z",
    "tags": []
  }
},
{
  "model": "post.comment",
  "pk": 24,
  "fields": {
    "post": 20,
    "content": "tertr",
    "html_content": "",
    "author": 9,
    "created_date": "2017-06-19T11:07:50.948Z",
    "modified_date": "2017-06-19T11:07:50.948Z",
    "tags": []
  }
},
{
  "model": "post.comment",
  "pk": 34,
  "fields": {
    "post": 14,
    "content": "hjghjghj",
    "html_content": "",
    "author": 1,
    "created_date": "2017-06-20T03:05:03.278Z",
    "modified_date": "2017-06-20T03:05:03.278Z",
    "tags": []
  }
},
{
  "model": "post.comment",
  "pk": 35,
  "fields": {
    "post": 14,
    "content": "ggdgdf",
    "html_content": "",
    "author": 1,
    "created_date": "2017-06-20T03:06:26.182Z",
    "modified_date": "2017-06-20T03:06:26.182Z",
    "tags": []
  }
},
{
  "model": "post.comment",
  "pk": 36,
  "fields": {
    "post": 14,
    "content": "gdfgdgf",
    "html_content": "",
    "author": 1,
    "created_date": "2017-06-20T03:06:54.972Z",
    "modified_date": "2017-06-20T03:06:54.972Z",
    "tags": []
  }
},
{
  "model": "post.comment",
  "pk": 37,
  "fields": {
    "post": 20,
    "content": "sdfd #fdfd #gfg ffg",
    "html_content": "",
    "author": 1,
    "created_date": "2017-06-20T06:07:07.368Z",
    "modified_date": "2017-06-20T06:07:07.368Z",
    "tags": []
  }
},
{
  "model": "post.comment",
  "pk": 38,
  "fields": {
    "post": 20,
    "content": "dkdk #test #fkdlsd #flksdf sdfsdf",
    "html_content": "dkdk <a href=\"#\" class=\"hash-tag\">#test</a> <a href=\"#\" class=\"hash-tag\">#fkdlsd</a> <a href=\"#\" class=\"hash-tag\">#flksdf</a> sdfsdf",
    "author": 1,
    "created_date": "2017-06-20T06:17:55.431Z",
    "modified_date": "2017-06-20T07:27:17.093Z",
    "tags": [
      1,
      2,
      3
    ]
  }
},
{
  "model": "post.comment",
  "pk": 39,
  "fields": {
    "post": 20,
    "content": "dkdk #test #fkdlsd #flksdf sdfsdf",
    "html_content": "dkdk <a href=\"#\" class=\"hash-tag\">#test</a> <a href=\"#\" class=\"hash-tag\">#fkdlsd</a> <a href=\"#\" class=\"hash-tag\">#flksdf</a> sdfsdf",
    "author": 1,
    "created_date": "2017-06-20T06:21:30.424Z",
    "modified_date": "2017-06-20T07:27:22.144Z",
    "tags": [
      1,
      2,
      3
    ]
  }
},
{
  "model": "post.comment",
  "pk": 40,
  "fields": {
    "post": 20,
    "content": "dkdk #test #fkdlsd fddsfsdfsdsdfsdf",
    "html_content": "dkdk <a href=\"#\" class=\"hash-tag\">#test</a> <a href=\"#\" class=\"hash-tag\">#fkdlsd</a> fddsfsdfsdsdfsdf",
    "author": 1,
    "created_date": "2017-06-20T06:23:07.948Z",
    "modified_date": "2017-06-20T06:35:18.591Z",
    "tags": []
  }
},
{
  "model": "post.comment",
  "pk": 41,
  "fields": {
    "post": 20,
    "content": "#imac #imacpro #apple #mine",
    "html_content": "<a href=\"/post/tag/imac/\" class=\"hash-tag\">#imac</a> <a href=\"/post/tag/imacpro/\" class=\"hash-tag\">#imacpro</a> <a href=\"/post/tag/apple/\" class=\"hash-tag\">#apple</a> <a href=\"/post/tag/mine/\" class=\"hash-tag\">#mine</a>",
    "author": 1,
    "created_date": "2017-06-20T06:55:26.537Z",
    "modified_date": "2017-06-20T08:24:41.887Z",
    "tags": [
      4,
      5,
      6,
      7
    ]
  }
},
{
  "model": "post.comment",
  "pk": 42,
  "fields": {
    "post": 20,
    "content": "#imac #imacpro #apple #mine",
    "html_content": "<a href=\"#\" class=\"hash-tag\">#imac</a> <a href=\"#\" class=\"hash-tag\">#imacpro</a> <a href=\"#\" class=\"hash-tag\">#apple</a> <a href=\"#\" class=\"hash-tag\">#mine</a>",
    "author": 1,
    "created_date": "2017-06-20T07:13:55.478Z",
    "modified_date": "2017-06-20T07:26:58.468Z",
    "tags": [
      4,
      5,
      6,
      7
    ]
  }
},
{
  "model": "post.comment",
  "pk": 43,
  "fields": {
    "post": 20,
    "content": "#imac#imacpro#apple#mine",
    "html_content": "<a href=\"#\" class=\"hash-tag\">#imac</a><a href=\"#\" class=\"hash-tag\">#imacpro</a><a href=\"#\" class=\"hash-tag\">#apple</a><a href=\"#\" class=\"hash-tag\">#mine</a>",
    "author": 1,
    "created_date": "2017-06-20T07:14:40.070Z",
    "modified_date": "2017-06-20T07:24:53.408Z",
    "tags": [
      4,
      5,
      6,
      7
    ]
  }
},
{
  "model": "post.comment",
  "pk": 44,
  "fields": {
    "post": 20,
    "content": "#\uc6b0\uc640#\uc544\uc544",
    "html_content": "<a href=\"#\" class=\"hash-tag\">#\uc6b0\uc640</a><a href=\"#\" class=\"hash-tag\">#\uc544\uc544</a>",
    "author": 1,
    "created_date": "2017-06-20T07:26:49.238Z",
    "modified_date": "2017-06-20T07:26:49.267Z",
    "tags": [
      8,
      9
    ]
  }
},
{
  "model": "post.comment",
  "pk": 45,
  "fields": {
    "post": 19,
    "content": "#\uc544\uc774\ub9e5",
    "html_content": "",
    "author": 1,
    "created_date": "2017-06-20T08:12:34.041Z",
    "modified_date": "2017-06-20T08:12:34.041Z",
    "tags": []
  }
},
{
  "model": "post.comment",
  "pk": 46,
  "fields": {
    "post": 19,
    "content": "#\uc544\uc774\ub9e5",
    "html_content": "<a href=\"/post/tag/%EC%95%84%EC%9D%B4%EB%A7%A5/\" class=\"hash-tag\">#\uc544\uc774\ub9e5</a>",
    "author": 1,
    "created_date": "2017-06-20T08:24:26.498Z",
    "modified_date": "2017-06-20T08:24:26.530Z",
    "tags": [
      10
    ]
  }
},
{
  "model": "post.comment",
  "pk": 47,
  "fields": {
    "post": 22,
    "content": "#\uc544\uc774\ub9e5\ud504\ub85c #\ub0b4\uaebc",
    "html_content": "",
    "author": 1,
    "created_date": "2017-06-21T01:51:24.251Z",
    "modified_date": "2017-06-21T01:51:24.252Z",
    "tags": [
      11,
      12
    ]
  }
},
{
  "model": "post.comment",
  "pk": 48,
  "fields": {
    "post": 23,
    "content": "\u314e\u3147\u3139\u314e\u3147\u3139",
    "html_content": "",
    "author": 1,
    "created_date": "2017-06-21T02:50:48.098Z",
    "modified_date": "2017-06-21T02:50:48.098Z",
    "tags": []
  }
},
{
  "model": "post.comment",
  "pk": 49,
  "fields": {
    "post": 13,
    "content": "\u314e\u3147\u3139\u314e\u3139\u3147\u314e",
    "html_content": "",
    "author": 1,
    "created_date": "2017-06-21T05:34:09.587Z",
    "modified_date": "2017-06-21T05:34:09.587Z",
    "tags": []
  }
},
{
  "model": "post.comment",
  "pk": 50,
  "fields": {
    "post": 19,
    "content": "\u3134\u3147\u3139\u3134\u3147\u3139",
    "html_content": "",
    "author": 1,
    "created_date": "2017-06-21T05:34:30.216Z",
    "modified_date": "2017-06-21T05:34:30.216Z",
    "tags": []
  }
},
{
  "model": "post.comment",
  "pk": 51,
  "fields": {
    "post": 19,
    "content": "\u3134\u3147\u3139\u3134\u3147\u3139",
    "html_content": "",
    "author": 1,
    "created_date": "2017-06-21T05:34:37.425Z",
    "modified_date": "2017-06-21T05:34:37.425Z",
    "tags": []
  }
},
{
  "model": "post.comment",
  "pk": 52,
  "fields": {
    "post": 22,
    "content": "\u3134\u3147\u3139\u3134\u3147",
    "html_content": "",
    "author": 1,
    "created_date": "2017-06-21T05:35:57.489Z",
    "modified_date": "2017-06-21T05:35:57.489Z",
    "tags": []
  }
},
{
  "model": "post.comment",
  "pk": 53,
  "fields": {
    "post": 19,
    "content": "\u3134\u3147\u3139\u3134",
    "html_content": "",
    "author": 1,
    "created_date": "2017-06-21T05:36:08.181Z",
    "modified_date": "2017-06-21T05:36:08.181Z",
    "tags": []
  }
},
{
  "model": "post.comment",
  "pk": 54,
  "fields": {
    "post": 14,
    "content": "ddgdfdf",
    "html_content": "",
    "author": 6,
    "created_date": "2017-06-21T11:51:16.035Z",
    "modified_date": "2017-06-21T11:51:16.035Z",
    "tags": []
  }
},
{
  "model": "post.comment",
  "pk": 55,
  "fields": {
    "post": 14,
    "content": "xcvcvxcv",
    "html_content": "",
    "author": 6,
    "created_date": "2017-06-21T11:52:42.412Z",
    "modified_date": "2017-06-21T11:52:42.412Z",
    "tags": []
  }
},
{
  "model": "post.comment",
  "pk": 56,
  "fields": {
    "post": 14,
    "content": "fsdfsdfsdf dfgdf",
    "html_content": "fsdfsdfsdf dfgdf",
    "author": 6,
    "created_date": "2017-06-21T12:15:29.947Z",
    "modified_date": "2017-06-21T12:21:45.864Z",
    "tags": []
  }
},
{
  "model": "post.comment",
  "pk": 57,
  "fields": {
    "post": 13,
    "content": "sdfsf",
    "html_content": "sdfsf",
    "author": 6,
    "created_date": "2017-06-21T12:15:34.217Z",
    "modified_date": "2017-06-21T12:15:34.217Z",
    "tags": []
  }
},
{
  "model": "post.comment",
  "pk": 58,
  "fields": {
    "post": 24,
    "content": "deep sleep",
    "html_content": "deep sleep",
    "author": 6,
    "created_date": "2017-06-21T12:31:00.368Z",
    "modified_date": "2017-06-21T12:31:00.368Z",
    "tags": []
  }
},
{
  "model": "post.comment",
  "pk": 59,
  "fields": {
    "post": 25,
    "content": "\uc774\uac70 \uc62c\ub9b4\uae4c",
    "html_content": "\uc774\uac70 \uc62c\ub9b4\uae4c",
    "author": 10,
    "created_date": "2017-06-23T14:15:38.086Z",
    "modified_date": "2017-06-23T14:15:38.086Z",
    "tags": []
  }
},
{
  "model": "post.comment",
  "pk": 60,
  "fields": {
    "post": 25,
    "content": "ffffff",
    "html_content": "ffffff",
    "author": 11,
    "created_date": "2017-06-24T07:00:41.754Z",
    "modified_date": "2017-06-24T07:00:41.754Z",
    "tags": []
  }
},
{
  "model": "post.comment",
  "pk": 61,
  "fields": {
    "post": 34,
    "content": "Apple WWDC 2017 keynote in 19 minutes",
    "html_content": "Apple WWDC 2017 keynote in 19 minutes",
    "author": 1,
    "created_date": "2017-06-26T13:19:28.434Z",
    "modified_date": "2017-06-26T13:19:28.434Z",
    "tags": []
  }
},
{
  "model": "post.comment",
  "pk": 62,
  "fields": {
    "post": 35,
    "content": "Finding Nemo - Video Summary",
    "html_content": "Finding Nemo - Video Summary",
    "author": 1,
    "created_date": "2017-06-26T14:33:07.526Z",
    "modified_date": "2017-06-26T14:33:07.526Z",
    "tags": []
  }
},
{
  "model": "post.comment",
  "pk": 63,
  "fields": {
    "post": 36,
    "content": "Funny Cats Compilation [Most See] Funny Cat Videos Ever Part 1",
    "html_content": "Funny Cats Compilation [Most See] Funny Cat Videos Ever Part 1",
    "author": 1,
    "created_date": "2017-06-26T14:43:24.960Z",
    "modified_date": "2017-06-26T14:43:24.960Z",
    "tags": []
  }
},
{
  "model": "post.comment",
  "pk": 64,
  "fields": {
    "post": 37,
    "content": "Funny CATS guaranteed to make you laugh - Funny cat compilation",
    "html_content": "Funny CATS guaranteed to make you laugh - Funny cat compilation",
    "author": 1,
    "created_date": "2017-06-26T14:44:23.118Z",
    "modified_date": "2017-06-26T14:44:23.126Z",
    "tags": []
  }
},
{
  "model": "post.comment",
  "pk": 65,
  "fields": {
    "post": 38,
    "content": "Hilarious Cat Fails (April 2017)",
    "html_content": "Hilarious Cat Fails (April 2017)",
    "author": 1,
    "created_date": "2017-06-26T14:45:52.145Z",
    "modified_date": "2017-06-26T14:45:52.145Z",
    "tags": []
  }
},
{
  "model": "post.comment",
  "pk": 66,
  "fields": {
    "post": 39,
    "content": "Funny Cats Compilation 2016  - Best Funny Cat Videos Ever || Funny Vines",
    "html_content": "Funny Cats Compilation 2016  - Best Funny Cat Videos Ever || Funny Vines",
    "author": 1,
    "created_date": "2017-06-26T14:46:41.857Z",
    "modified_date": "2017-06-26T14:46:41.857Z",
    "tags": []
  }
},
{
  "model": "post.comment",
  "pk": 67,
  "fields": {
    "post": 35,
    "content": "test",
    "html_content": "test",
    "author": 1,
    "created_date": "2017-06-26T14:49:59.504Z",
    "modified_date": "2017-06-26T14:49:59.504Z",
    "tags": []
  }
},
{
  "model": "post.comment",
  "pk": 68,
  "fields": {
    "post": 35,
    "content": "test",
    "html_content": "test",
    "author": 1,
    "created_date": "2017-06-26T14:50:22.015Z",
    "modified_date": "2017-06-26T14:50:22.015Z",
    "tags": []
  }
},
{
  "model": "post.comment",
  "pk": 69,
  "fields": {
    "post": 40,
    "content": "Super FUNNY CATS - TRY NOT TO LAUGH CHALLENGE - Best CAT VIDEOS compilation",
    "html_content": "Super FUNNY CATS - TRY NOT TO LAUGH CHALLENGE - Best CAT VIDEOS compilation",
    "author": 1,
    "created_date": "2017-06-26T14:52:47.029Z",
    "modified_date": "2017-06-26T14:52:47.029Z",
    "tags": []
  }
},
{
  "model": "post.comment",
  "pk": 70,
  "fields": {
    "post": 41,
    "content": "Funny Cats Compilation 2016  - Best Funny Cat Videos Ever || Funny Vines",
    "html_content": "Funny Cats Compilation 2016  - Best Funny Cat Videos Ever || Funny Vines",
    "author": 1,
    "created_date": "2017-06-26T14:53:19.693Z",
    "modified_date": "2017-06-26T14:53:19.693Z",
    "tags": []
  }
},
{
  "model": "post.comment",
  "pk": 71,
  "fields": {
    "post": 42,
    "content": "Super FUNNY CATS - TRY NOT TO LAUGH CHALLENGE - Best CAT VIDEOS compilation",
    "html_content": "Super FUNNY CATS - TRY NOT TO LAUGH CHALLENGE - Best CAT VIDEOS compilation",
    "author": 1,
    "created_date": "2017-06-26T14:57:47.657Z",
    "modified_date": "2017-06-26T14:57:47.657Z",
    "tags": []
  }
},
{
  "model": "post.comment",
  "pk": 73,
  "fields": {
    "post": 44,
    "content": "fsfsdfsd",
    "html_content": "fsfsdfsd",
    "author": 1,
    "created_date": "2017-06-27T01:20:53.342Z",
    "modified_date": "2017-06-27T01:20:53.342Z",
    "tags": []
  }
},
{
  "model": "post.postlike",
  "pk": 1,
  "fields": {
    "post": 1,
    "user": 2,
    "created_date": "2017-06-12T11:00:05.172Z"
  }
},
{
  "model": "post.postlike",
  "pk": 7,
  "fields": {
    "post": 22,
    "user": 9,
    "created_date": "2017-06-21T10:45:11.804Z"
  }
},
{
  "model": "post.postlike",
  "pk": 9,
  "fields": {
    "post": 23,
    "user": 6,
    "created_date": "2017-06-21T11:10:38.386Z"
  }
},
{
  "model": "post.postlike",
  "pk": 10,
  "fields": {
    "post": 19,
    "user": 6,
    "created_date": "2017-06-21T11:10:51.030Z"
  }
},
{
  "model": "post.postlike",
  "pk": 15,
  "fields": {
    "post": 2,
    "user": 6,
    "created_date": "2017-06-21T11:27:22.332Z"
  }
},
{
  "model": "post.postlike",
  "pk": 17,
  "fields": {
    "post": 22,
    "user": 6,
    "created_date": "2017-06-21T11:44:29.722Z"
  }
},
{
  "model": "post.postlike",
  "pk": 19,
  "fields": {
    "post": 13,
    "user": 6,
    "created_date": "2017-06-21T12:22:59.828Z"
  }
},
{
  "model": "post.postlike",
  "pk": 20,
  "fields": {
    "post": 14,
    "user": 6,
    "created_date": "2017-06-21T12:30:18.352Z"
  }
},
{
  "model": "post.postlike",
  "pk": 24,
  "fields": {
    "post": 24,
    "user": 1,
    "created_date": "2017-06-22T03:34:03.981Z"
  }
},
{
  "model": "post.postlike",
  "pk": 28,
  "fields": {
    "post": 20,
    "user": 7,
    "created_date": "2017-06-22T10:08:27.500Z"
  }
},
{
  "model": "post.postlike",
  "pk": 29,
  "fields": {
    "post": 23,
    "user": 7,
    "created_date": "2017-06-22T10:08:36.327Z"
  }
},
{
  "model": "post.postlike",
  "pk": 30,
  "fields": {
    "post": 23,
    "user": 9,
    "created_date": "2017-06-22T15:00:06.435Z"
  }
},
{
  "model": "post.postlike",
  "pk": 31,
  "fields": {
    "post": 25,
    "user": 10,
    "created_date": "2017-06-23T14:15:54.827Z"
  }
},
{
  "model": "post.postlike",
  "pk": 32,
  "fields": {
    "post": 24,
    "user": 10,
    "created_date": "2017-06-23T14:16:11.764Z"
  }
},
{
  "model": "post.postlike",
  "pk": 33,
  "fields": {
    "post": 23,
    "user": 11,
    "created_date": "2017-06-24T07:00:27.488Z"
  }
},
{
  "model": "post.post",
  "pk": 1,
  "fields": {
    "author": 1,
    "photo": "post/j3lwbft03enecdkrneo0.jpg",
    "created_date": "2017-06-12T06:25:07.463Z",
    "modified_date": "2017-06-12T07:39:54.539Z",
    "my_comment": null,
    "video": null
  }
},
{
  "model": "post.post",
  "pk": 2,
  "fields": {
    "author": 1,
    "photo": "post/Screenshot202812329.png",
    "created_date": "2017-06-12T06:25:08.933Z",
    "modified_date": "2017-06-12T07:39:54.541Z",
    "my_comment": null,
    "video": null
  }
},
{
  "model": "post.post",
  "pk": 3,
  "fields": {
    "author": 1,
    "photo": "post/apple-imac-pro-space-gray-first-look-1103.jpg",
    "created_date": "2017-06-12T06:25:09.611Z",
    "modified_date": "2017-06-12T07:39:54.543Z",
    "my_comment": null,
    "video": null
  }
},
{
  "model": "post.post",
  "pk": 4,
  "fields": {
    "author": 1,
    "photo": "post/apple-imac-pro-space-gray-first-look-08.jpg",
    "created_date": "2017-06-12T07:35:19.482Z",
    "modified_date": "2017-06-12T07:35:19.482Z",
    "my_comment": null,
    "video": null
  }
},
{
  "model": "post.post",
  "pk": 6,
  "fields": {
    "author": 1,
    "photo": "post/IMG_0670.JPG",
    "created_date": "2017-06-12T12:56:54.529Z",
    "modified_date": "2017-06-12T13:21:14.303Z",
    "my_comment": null,
    "video": null
  }
},
{
  "model": "post.post",
  "pk": 7,
  "fields": {
    "author": 1,
    "photo": "post/1329490830271_IMG_9734.jpg",
    "created_date": "2017-06-12T12:58:06.304Z",
    "modified_date": "2017-06-12T12:58:06.304Z",
    "my_comment": null,
    "video": null
  }
},
{
  "model": "post.post",
  "pk": 8,
  "fields": {
    "author": 1,
    "photo": "post/IMG_1733.PNG",
    "created_date": "2017-06-13T07:18:52.975Z",
    "modified_date": "2017-06-13T07:18:52.975Z",
    "my_comment": null,
    "video": null
  }
},
{
  "model": "post.post",
  "pk": 9,
  "fields": {
    "author": 1,
    "photo": "post/IMG_0671.JPG",
    "created_date": "2017-06-16T07:19:47.192Z",
    "modified_date": "2017-06-16T07:19:47.192Z",
    "my_comment": null,
    "video": null
  }
},
{
  "model": "post.post",
  "pk": 10,
  "fields": {
    "author": 1,
    "photo": "post/IMG_0677_kSBWAZQ.JPG",
    "created_date": "2017-06-19T03:32:00.224Z",
    "modified_date": "2017-06-19T03:32:00.224Z",
    "my_comment": null,
    "video": null
  }
},
{
  "model": "post.post",
  "pk": 11,
  "fields": {
    "author": 1,
    "photo": "post/IMG_0679.PNG",
    "created_date": "2017-06-19T03:52:53.701Z",
    "modified_date": "2017-06-19T03:52:53.701Z",
    "my_comment": null,
    "video": null
  }
},
{
  "model": "post.post",
  "pk": 13,
  "fields": {
    "author": 1,
    "photo": "post/IMG_0674.JPG",
    "created_date": "2017-06-19T06:21:43.092Z",
    "modified_date": "2017-06-19T07:23:43.376Z",
    "my_comment": null,
    "video": null
  }
},
{
  "model": "post.post",
  "pk": 14,
  "fields": {
    "author": 1,
    "photo": "post/IMG_0674_qUvpP5J.JPG",
    "created_date": "2017-06-19T06:29:11.534Z",
    "modified_date": "2017-06-19T06:29:11.538Z",
    "my_comment": 12,
    "video": null
  }
},
{
  "model": "post.post",
  "pk": 16,
  "fields": {
    "author": 1,
    "photo": "post/apple-imac-pro-space-gray-first-look-02.jpg",
    "created_date": "2017-06-19T06:58:37.894Z",
    "modified_date": "2017-06-19T07:07:44.051Z",
    "my_comment": 14,
    "video": null
  }
},
{
  "model": "post.post",
  "pk": 18,
  "fields": {
    "author": 9,
    "photo": "post/apple-imac-pro-space-gray-first-look-011.jpg",
    "created_date": "2017-06-19T07:45:50.496Z",
    "modified_date": "2017-06-19T07:45:50.498Z",
    "my_comment": 16,
    "video": null
  }
},
{
  "model": "post.post",
  "pk": 19,
  "fields": {
    "author": 1,
    "photo": "post/apple-imac-pro-space-gray-first-look-06.jpg",
    "created_date": "2017-06-19T09:19:54.481Z",
    "modified_date": "2017-06-19T09:19:54.487Z",
    "my_comment": 17,
    "video": null
  }
},
{
  "model": "post.post",
  "pk": 20,
  "fields": {
    "author": 9,
    "photo": "post/apple-imac-pro-space-gray-first-look-04.jpg",
    "created_date": "2017-06-19T11:06:12.117Z",
    "modified_date": "2017-06-19T11:07:50.960Z",
    "my_comment": 24,
    "video": null
  }
},
{
  "model": "post.post",
  "pk": 22,
  "fields": {
    "author": 1,
    "photo": "post/apple-imac-pro-space-gray-first-look-08_8Z3EHIu.jpg",
    "created_date": "2017-06-21T01:51:24.247Z",
    "modified_date": "2017-06-21T01:51:24.248Z",
    "my_comment": null,
    "video": null
  }
},
{
  "model": "post.post",
  "pk": 23,
  "fields": {
    "author": 1,
    "photo": "post/apple-imac-pro-space-gray-first-look-011_S89R0eN.jpg",
    "created_date": "2017-06-21T02:50:48.096Z",
    "modified_date": "2017-06-21T02:50:48.100Z",
    "my_comment": 48,
    "video": null
  }
},
{
  "model": "post.post",
  "pk": 24,
  "fields": {
    "author": 6,
    "photo": "post/Photo_101009-0000.jpg",
    "created_date": "2017-06-21T12:31:00.365Z",
    "modified_date": "2017-06-21T12:31:00.372Z",
    "my_comment": 58,
    "video": null
  }
},
{
  "model": "post.post",
  "pk": 25,
  "fields": {
    "author": 10,
    "photo": "post/i1336973271.jpg",
    "created_date": "2017-06-23T14:15:38.084Z",
    "modified_date": "2017-06-23T14:15:38.089Z",
    "my_comment": 59,
    "video": null
  }
},
{
  "model": "post.post",
  "pk": 27,
  "fields": {
    "author": 13,
    "photo": "youtube_thumbnail/n-KtvB_5eaE.jpg",
    "created_date": "2017-06-26T12:23:23.244Z",
    "modified_date": "2017-06-26T12:23:23.245Z",
    "my_comment": null,
    "video": 27
  }
},
{
  "model": "post.post",
  "pk": 31,
  "fields": {
    "author": 13,
    "photo": "youtube_thumbnail/7MbgmOLTLhk.jpg",
    "created_date": "2017-06-26T12:52:34.082Z",
    "modified_date": "2017-06-26T12:52:34.082Z",
    "my_comment": null,
    "video": 1
  }
},
{
  "model": "post.post",
  "pk": 32,
  "fields": {
    "author": 1,
    "photo": "youtube_thumbnail/hntVmN2aK8k.jpg",
    "created_date": "2017-06-26T13:18:13.983Z",
    "modified_date": "2017-06-26T13:18:13.984Z",
    "my_comment": null,
    "video": 41
  }
},
{
  "model": "post.post",
  "pk": 34,
  "fields": {
    "author": 1,
    "photo": "youtube_thumbnail/wXLa5tprhLc.jpg",
    "created_date": "2017-06-26T13:19:28.429Z",
    "modified_date": "2017-06-26T13:19:28.429Z",
    "my_comment": null,
    "video": 42
  }
},
{
  "model": "post.post",
  "pk": 35,
  "fields": {
    "author": 1,
    "photo": "youtube_thumbnail/OpgWbXthMlQ.jpg",
    "created_date": "2017-06-26T14:33:07.520Z",
    "modified_date": "2017-06-26T14:33:07.520Z",
    "my_comment": null,
    "video": 47
  }
},
{
  "model": "post.post",
  "pk": 36,
  "fields": {
    "author": 1,
    "photo": "youtube_thumbnail/tntOCGkgt98.jpg",
    "created_date": "2017-06-26T14:43:24.954Z",
    "modified_date": "2017-06-26T14:43:24.954Z",
    "my_comment": null,
    "video": 55
  }
},
{
  "model": "post.post",
  "pk": 37,
  "fields": {
    "author": 1,
    "photo": "youtube_thumbnail/ZGl8vrceu1E.jpg",
    "created_date": "2017-06-26T14:44:23.114Z",
    "modified_date": "2017-06-26T14:44:23.114Z",
    "my_comment": null,
    "video": 56
  }
},
{
  "model": "post.post",
  "pk": 38,
  "fields": {
    "author": 1,
    "photo": "youtube_thumbnail/1Wh8RzcQZr4.jpg",
    "created_date": "2017-06-26T14:45:52.141Z",
    "modified_date": "2017-06-26T14:45:52.141Z",
    "my_comment": null,
    "video": 57
  }
},
{
  "model": "post.post",
  "pk": 39,
  "fields": {
    "author": 1,
    "photo": "youtube_thumbnail/njSyHmcEdkw.jpg",
    "created_date": "2017-06-26T14:46:41.849Z",
    "modified_date": "2017-06-26T14:46:41.849Z",
    "my_comment": null,
    "video": 54
  }
},
{
  "model": "post.post",
  "pk": 40,
  "fields": {
    "author": 1,
    "photo": "youtube_thumbnail/s8WQZFqfjLI.jpg",
    "created_date": "2017-06-26T14:52:47.022Z",
    "modified_date": "2017-06-26T14:52:47.022Z",
    "my_comment": null,
    "video": 53
  }
},
{
  "model": "post.post",
  "pk": 41,
  "fields": {
    "author": 1,
    "photo": "youtube_thumbnail/njSyHmcEdkw.jpg",
    "created_date": "2017-06-26T14:53:19.687Z",
    "modified_date": "2017-06-26T14:53:19.687Z",
    "my_comment": null,
    "video": 54
  }
},
{
  "model": "post.post",
  "pk": 42,
  "fields": {
    "author": 1,
    "photo": "youtube_thumbnail/s8WQZFqfjLI.jpg",
    "created_date": "2017-06-26T14:57:47.650Z",
    "modified_date": "2017-06-26T14:57:47.650Z",
    "my_comment": null,
    "video": 53
  }
},
{
  "model": "post.post",
  "pk": 44,
  "fields": {
    "author": 1,
    "photo": "post/1329490827622_IMG_9733_glywdBk.jpg",
    "created_date": "2017-06-27T01:20:53.339Z",
    "modified_date": "2017-06-27T01:20:53.346Z",
    "my_comment": 73,
    "video": null
  }
},
{
  "model": "post.post",
  "pk": 45,
  "fields": {
    "author": 1,
    "photo": "youtube_thumbnail/ZzG7VsdKLGI.jpg",
    "created_date": "2017-06-27T05:43:33.699Z",
    "modified_date": "2017-06-27T05:43:33.699Z",
    "my_comment": null,
    "video": 59
  }
},
{
  "model": "post.post",
  "pk": 46,
  "fields": {
    "author": 1,
    "photo": "youtube_thumbnail/ndq9-vmD058.jpg",
    "created_date": "2017-06-27T06:40:07.564Z",
    "modified_date": "2017-06-27T06:40:07.564Z",
    "my_comment": null,
    "video": 49
  }
},
{
  "model": "post.post",
  "pk": 47,
  "fields": {
    "author": 1,
    "photo": "youtube_thumbnail/XWuPGKLJXe8.jpg",
    "created_date": "2017-06-27T06:40:25.549Z",
    "modified_date": "2017-06-27T06:40:25.549Z",
    "my_comment": null,
    "video": 48
  }
},
{
  "model": "post.post",
  "pk": 48,
  "fields": {
    "author": 1,
    "photo": "youtube_thumbnail/ndq9-vmD058.jpg",
    "created_date": "2017-06-27T06:42:46.603Z",
    "modified_date": "2017-06-27T06:42:46.603Z",
    "my_comment": null,
    "video": 49
  }
},
{
  "model": "post.post",
  "pk": 49,
  "fields": {
    "author": 1,
    "photo": "",
    "created_date": "2017-06-27T06:45:12.657Z",
    "modified_date": "2017-06-27T06:45:12.657Z",
    "my_comment": null,
    "video": 59
  }
}
]
